8.852783074574807620e-02,1.466306858431296045e-01
3.289248022119279913e-01,-1.369589768109825967e-01
-8.278315876043448873e-02,1.507462732976369013e-01
-2.902886079371037042e-01,2.192768154475961961e-01
5.449598881413946216e-01,-5.729467425857234092e-02
-2.231509703899622055e-01,6.197570707554395791e-02
-3.379961261241059001e-01,-2.670880423708879015e-01
-1.360779214056684339e-01,-1.223519279074454687e-02
-6.020758464181898972e-01,1.769329672103618634e-01
-4.223823743830329436e-01,-4.329148766172573604e-01
-3.549818434444571014e-02,2.189325286301345708e-01
-1.405985268330341431e-01,1.246123233931672458e-01
-6.489567143629648704e-01,1.069192831070407829e-01
-6.460238073336520559e-01,9.683695497938196728e-02
5.088701205524296389e-01,1.671235260964068214e-01
-4.246571338673563734e-01,-1.624452680559008433e-01
5.927883968374292323e-02,2.498115836529266609e-01
-9.263524542854297827e-01,-6.749155005320240930e-01
-2.850218203338810152e-01,2.550562051743269221e-01
-8.283988524361535211e-01,-6.445597969234698188e-02
1.349569866735627344e-01,-3.934320188928667195e-01
4.759783706246867863e-01,5.639507690311087451e-01
-6.300596228532349130e-01,1.461827196044975796e-01
-2.995548648414028126e-01,-2.035175340535623767e-01
-1.134001736332194282e-01,3.920645049845015995e-02
-1.298917623094191787e-01,3.751308946007985146e-01
4.267744931547161058e-01,-4.849801214425898954e-01
3.573681382563094755e-01,4.908977512768109702e-02
6.962134128224970464e-01,-2.897096359143338518e-01
-3.943042457648607835e-01,-1.560008550382594728e-01
3.057940108883254737e-01,1.867576813035869421e-01
-8.507517770091402864e-01,-4.918501714935598623e-01
7.006391080662791038e-02,-2.474988168225764618e-01
9.778410643823790549e-01,-2.527611173546905898e-01
6.976973917273154857e-01,5.712854708778104806e-02
-7.105498313239796103e-03,-4.197966166952799560e-01
-6.405653627316325593e-01,-2.675410139505949303e-01
8.969462973549773288e-01,-1.161573009410275664e-01
-8.521005886723904965e-02,-2.680392562823028513e-01
2.134472654798511559e-01,-7.046618283252363835e-01
-2.506958202065966493e-03,2.847857765848956779e-01
-5.199767093530077711e-01,1.368378585386265667e-01
3.639691192932276165e-01,-5.144618741925988115e-01
-2.054131952187625565e-01,3.447711610247212732e-01
-4.948583171189975816e-01,-1.027585320450568745e-01
-6.030170799035355911e-01,-8.071210529849006665e-01
-5.781857272646163670e-01,5.046086531777637524e-02
-3.445276731893212041e-01,-1.080449030853887771e-01
9.169036627546302276e-02,-1.350707027071162969e-01
8.480540202568671859e-02,2.459564472777916455e-01
1.013955490131146636e-01,1.789823195104358888e-01
-3.783721923661421682e-01,-1.657993860730139907e-02
-5.258193941264633908e-01,9.192139564578982736e-02
4.798329711075676185e-01,2.325315704146708670e-02
-4.265738903399381443e-01,-9.661242456447492744e-02
-8.046652482301105413e-01,6.870647824792577851e-02
-8.266457373854582333e-03,-2.586876025645893362e-01
-3.660066789699746859e-01,1.867534487302997259e-01
-5.412690118983641829e-01,-2.680402517876724344e-01
-9.887825455759307047e-01,-3.093568452716388140e-01
-6.605710915811412454e-01,-2.904519729827764185e-01
3.830162490666342845e-01,-2.434367556252842457e-01
7.913435756445570401e-01,-1.131939529126805566e-01
7.073043516567684152e-02,3.931599538584199527e-01
-4.117320791574989869e-01,4.640877071026026923e-02
6.613874931055513384e-01,3.231364787206735811e-01
4.385049686772213851e-01,4.231838877374574648e-01
-1.256179009718053907e-01,-2.092841905207741826e-01
4.807709062154685853e-01,3.957477777268155750e-01
-1.589290817287569713e-01,3.131202466914764226e-01
5.076333307080841406e-01,5.669593011134210075e-02
2.686011346127119559e-01,-1.286914614180698357e-01
4.843373417808443104e-01,4.685280141209759164e-02
2.515574058567904628e-02,-2.704420542743840583e-01
-4.542695515294028485e-01,-2.993397787819790379e-02
5.259008116839107572e-02,3.574045504766574788e-01
6.860165978821323174e-01,2.300643155614852109e-01
4.924702844169790428e-01,1.067971625975423083e-01
2.790018994753434289e-01,3.813346337910749617e-01
-1.049716841547089323e-02,-1.271101179822611560e-01
-6.422840588459359790e-01,2.002520663781423918e-02
4.508184362079977747e-01,3.113884813865673284e-01
5.844960651325508544e-02,2.103130408939480472e-02
5.120795269537494754e-01,2.017793910826700954e-01
5.026188164948110215e-02,1.430145442389723631e-01
-2.726361002366080033e-01,-3.388207636161366665e-01
5.564833435666588501e-02,-8.919056566917361872e-02
5.162647997856184556e-01,4.659484800195291543e-01
-4.542413183407246202e-01,-2.692999666544567978e-03
-1.358833378124118738e-02,1.612085813576187021e-01
-6.131974520877386814e-01,-3.326357862033368362e-01
-6.682686933790898953e-01,-1.602114190189354859e-01
-8.561961151036229234e-01,-3.504113119509091878e-01
7.473594734651813898e-01,2.629043539818463060e-01
4.458379214330835949e-01,2.546611489443862397e-01
4.802079159031130695e-01,2.581187112833022157e-01
2.775063019013355725e-01,5.366132209479202997e-01
-2.032514375625151803e-01,2.618755124078993579e-01
-7.982758180165892836e-02,1.906312259832874667e-01
-5.922660358406920400e-01,-4.037914819020146234e-02
2.767045027838095639e-02,-2.248313044496118296e-01
2.063980933770810933e-01,-5.199765799417521706e-01
3.932622505526213175e-01,-1.451558434149728405e-01
7.465888885678750864e-01,4.353165298185560084e-02
3.353007334899376635e-01,-3.612746159314297323e-01
3.376183164606625514e-02,-4.206244763274548659e-01
-2.317664085813807007e-01,2.690206339356833731e-01
-4.697382286319058409e-01,-2.209519873521343866e-02
2.382929270404177818e-02,-4.266458631943215729e-01
1.021198242565132475e+00,4.842016774430005915e-02
7.321289282971649159e-02,2.002392114970580617e-01
5.240707646110663864e-01,-5.245745791017319970e-01
-2.296283740361009240e-01,2.889743233463968330e-01
-3.295088953244172392e-01,-1.064807744604502754e-01
-8.663051776992407305e-02,-2.820548471682718938e-01
-5.939932777080297877e-01,1.533023260353779116e-01
5.843494902147658987e-01,-1.409548507627419100e-03
8.035436437487428751e-01,-1.441148059002814452e-01
-1.191389363250616951e+00,7.366174811555507851e-02
4.341013497372042118e-01,-5.297949400201555636e-02
7.881531187367604163e-01,-3.852931975995482761e-02
-8.578783137913719159e-01,8.103364440546273473e-02
7.306196397453949831e-02,2.177598605906042872e-01
-5.071893495784032257e-01,-1.832360427025217231e-01
5.895572674776441424e-01,1.214320937459704430e-01
1.033450650775897678e-01,3.985751926805876644e-01
-5.175164213337289931e-01,2.939017567058945235e-01
-3.173443066302801818e-01,-1.351560907931372013e-01
-9.058581432576456871e-02,-1.226067853256651019e-01
-5.870084273649057716e-01,8.554908895204464681e-02
-5.170333930703575609e-01,3.634579984041527712e-01
-1.527905527810678732e-01,6.366059592169315273e-02
1.357002842251033292e-01,-2.001912353788185550e-01
-4.867325768776818995e-01,-1.082890681328020771e-01
-6.125904906370593928e-01,9.384583908751423231e-02
-1.801606704430193107e-01,1.278573391280185267e-01
-8.407542482175713872e-01,-3.243400060063710844e-01
9.724851077417568934e-01,-2.362039656021727718e-01
2.445944413649930871e-01,2.135587739156091514e-01
7.946245834758298709e-01,-2.966926394940305189e-01
-9.950013295442039496e-02,1.514992321153447452e-01
2.601195753706407321e-01,-1.233318900152994418e-01
5.326976364280012755e-01,3.225167042088677993e-01
1.907216946664360424e-01,5.287118279945319799e-01
5.296299494464061786e-01,-3.809854999083070459e-01
-3.920316612024351000e-01,5.014434281549344785e-01
2.821647374235821126e-01,-1.059818641630514008e-01
9.087338595635426897e-01,-1.415304568875128122e-01
-9.420352835649230538e-01,-2.872466882813408673e-01
-4.892578543603373631e-01,1.234819798892473619e-01
-4.294062571590155364e-01,1.159243647151446746e-02
-2.135969921687534412e-01,-1.141339835755885296e-01
-8.128817734374663151e-02,2.688470595304494684e-02
-5.711966490864863744e-01,-1.242183381204248066e-01
8.516617988147200391e-01,1.558458493085995433e-01
-6.503414225618896483e-01,3.040368478242148551e-02
-2.456204510529713392e-01,3.663002030737955717e-01
3.424877673859783589e-01,2.307529944994458071e-01
4.908449350974727898e-01,-1.163872750027891007e-01
-5.310956609742085721e-01,-7.032690914662694803e-01
7.540969948030576964e-01,1.191466032501228012e-01
-2.549975257946415219e-01,4.930137175866539101e-01
8.562053020107189549e-02,-8.701729868314081462e-02
2.591700757864032201e-01,2.198875560995510181e-01
-2.563409412697199574e-01,1.232702805644528138e-01
-6.125348476391401231e-02,6.959824858311979001e-02
3.023489665123231807e-01,-6.293728878495093160e-02
-4.355015442172587847e-01,-8.429832589429778200e-02
-2.059407691755061331e-01,-2.571764066296384765e-01
-2.181184210278332980e-01,1.332947861237621379e-01
-7.301473693912513552e-01,-2.013932815140828947e-01
4.513131404990266410e-02,3.172194427106810877e-01
-2.555663904630140967e-02,2.489925125687967034e-01
3.848574058574779078e-01,4.738264600790746406e-01
-7.478795593055626023e-01,-3.090767795959242226e-01
-2.455353558539623560e-01,2.507492483060009825e-01
-4.272424683650292709e-01,-1.925273135631050958e-01
-3.479456126657319293e-01,3.028045223780929107e-01
-9.769398816701688748e-01,-4.338336700056923401e-01
-5.749785658043712333e-01,1.149505141239513389e-01
2.394345073897608811e-01,2.154126166201777159e-01
-4.081697417795646099e-01,5.690901281908282427e-02
-3.693770259930427291e-01,9.615001839778888545e-03
-1.914242327592424187e-01,2.580277999768157762e-02
-4.787175282851592883e-01,6.236766894517973420e-02
1.685817739708829199e-01,2.361860015958487935e-01
-3.148283448476619784e-01,2.693171297636743344e-01
-3.221001036749260305e-01,-5.775880537800550524e-02
-1.651429138316825862e-01,-4.921961591020179716e-01
-2.220410134060187002e-01,1.558490594782140359e-01
-2.181300329986868569e-01,1.906554970617519440e-01
-5.317910588899571467e-01,4.522046657413687082e-02
-1.230892511016701413e-01,3.744111441780564320e-01
-5.126527086165336665e-03,2.979098333006549582e-01
2.218488546362644698e-01,2.131734671463532960e-01
1.197022148496059146e-01,2.699341298296538683e-01
-4.209401007410928375e-01,3.071010872536235614e-01
-3.747936530835698221e-01,7.277753230075656443e-02
-2.178348801253899569e-01,-9.563323100309520375e-02
-4.195976298242704017e-01,-3.629552593257554666e-02
-4.359109855870516581e-01,-2.348381535250423646e-01
3.568569428692597301e-02,3.787515400102375307e-01
-4.214836749262323989e-01,1.978229067696170851e-01
4.203891779171633480e-01,4.570424010443129847e-01
-1.904350606803678625e-01,2.621033141797048938e-01
-5.984307201984768732e-01,6.454114220799370139e-02
-2.505459820276746408e-01,-1.016478336549557077e-01
-6.263042028790977156e-02,3.649039599049955229e-02
-6.970547915011314766e-01,-1.886180799870950942e-01
5.262833992277965445e-01,2.332559556171599768e-01
-2.461548519433528481e-01,1.459547169238863684e-01
-7.460186909353251350e-01,4.193523405724126213e-02
-1.852617283158010941e-01,1.527243752878953628e-02
-2.732118080024663054e-01,-2.114033253077132399e-02
3.652625511690961169e-01,6.193407476193880656e-01
1.459093683639570427e-01,3.493965304544829342e-01
5.728830333286465126e-02,-1.705796726237951422e-01
1.417695289573521755e-01,2.578256087188004336e-02
2.300030457367009673e-01,7.735061074749944865e-01
7.555833685161229551e-01,-2.400973099094344185e-02
-6.499214463956684007e-01,9.578893436541910389e-02
3.187390597646119761e-01,9.606135823312799901e-03
-1.979732560332589375e-01,-4.320784565918449338e-02
-4.449695030536412466e-01,-1.371442194480619048e-01
4.742378854253821441e-01,-2.677656591904140071e-01
4.369172296524383992e-01,-6.691964822369581012e-02
1.366565768441042605e-01,-1.805665075386243545e-01
2.673680351027603319e-02,9.599468655596320177e-02
2.667931298752696523e-01,-1.983411136759629378e-01
4.220151540256376621e-01,-9.093162460819027848e-02
1.306487250289314617e-01,-3.420865148836860908e-02
4.183561905812994142e-01,3.560432342482827139e-01
3.832827208722518475e-01,-2.315894192950822550e-01
-1.675515431647610354e-01,3.698333669987807215e-01
-3.864511447896065155e-01,-2.695420592631153078e-01
-4.843433199356581564e-01,-6.098525970863013512e-01
2.599786266952049951e-01,2.960239017360971059e-01
-6.848594809555523799e-01,1.606708486312348749e-01
3.293351094836956539e-01,3.599767605445723384e-01
-3.846393628959580702e-01,-4.023706365794627593e-01
4.403361487944498776e-01,2.756930894122601727e-01
-5.499328364859614737e-01,-4.931730245162033524e-03
7.830507567806220814e-01,-4.943203029812349714e-01
-2.155836579040723289e-01,4.243688193322545793e-02
2.465478088045265637e-01,-1.334356550123745322e-01
-3.008547194384357248e-01,2.896338222303799781e-01
-6.941657057011106635e-02,8.045350786088158179e-02
-1.730656158135101541e-01,2.789240986695866106e-02
-2.178418885946015182e-01,1.293421642332790999e-01
-1.859206693022151177e-02,-1.371687025703652307e-01
-3.707390836318608662e-01,-3.489395588895358724e-01
5.443707985598421617e-01,-1.316790452860421012e-01
-1.970633829995717679e-01,-9.525607615190773148e-01
6.090734545620171136e-01,-3.540103149669637794e-01
5.807838332176169516e-01,4.172541467618883781e-01
-8.652621068364145795e-01,-1.414106189300112261e-02
3.149456975355592880e-01,-7.819598337984275116e-02
-6.042072678585108658e-02,4.812619127001689368e-01
4.489626431102917148e-01,-6.146710051667880759e-01
-9.446221605851115588e-02,-1.494973032864788665e-01
3.167215971311677092e-01,-9.291796584362327360e-01
-4.856308603495920195e-01,-4.122134276636333916e-01
6.688615592856609338e-01,-2.314353852769672204e-01
5.824034220614399820e-02,-7.216512134536673395e-02
4.906337367690135065e-01,4.080699807339552981e-02
4.787634222090808023e-01,-3.343133379674134709e-01
2.982611649434627199e-02,5.688289249353395416e-01
-4.122270702301247813e-01,2.364823778736810655e-01
-6.142374510227051054e-01,1.654295083612986605e-01
2.109075784708330514e-01,-4.137802050072146853e-01
6.979318438631669508e-02,-6.393584135279488656e-01
8.715891700805268984e-04,3.408571013578417519e-01
-1.477252394816988834e-01,2.877552787844260274e-01
4.280568202270564337e-01,3.975910715063878803e-02
-3.474906367073606894e-01,8.812604375374129273e-02
-7.689653759230374863e-01,1.551655653196847562e-01
-3.293345536592909295e-02,-1.450451291709228263e-01
5.410070649777868335e-01,-5.204572151184765350e-01
4.524259552002937723e-02,1.227020385940344460e-01
8.156822151300197055e-01,1.420685819454386711e-01
4.150121880325700618e-01,1.110894790133389182e-01
5.335670877668838852e-01,1.693587732197676388e-01
-2.236540640294195498e-02,1.511936420087792998e-01
8.129983521571793048e-02,4.067246458871446313e-01
-5.732564126628425516e-01,-1.212733007039250854e-01
-3.693019159039753752e-01,2.853427028725313841e-01
-3.272930988340736619e-02,1.791152377094904768e-01
2.678332659405622818e-01,8.014966553897273638e-02
1.203644093984647251e-01,1.059363760256761336e-02
-1.410275400507393084e-01,-1.781937052642802721e-01
5.123720530272063423e-01,1.110308353940156062e-01
-2.150468460970926532e-01,4.085939782112307100e-02
-2.439382900051315362e-01,7.375593831301277548e-02
5.871337843426914782e-01,3.397119667107727226e-02
8.082408159441789586e-02,-3.659420161722389681e-02
3.721322179229450966e-01,-5.292910070073970630e-01
-2.431273062821834308e-01,-7.053213259413468328e-02
2.678950352081201775e-02,-1.084959914347059795e-01
7.019833298612165873e-02,-7.625012791988183825e-01
5.249292988631293344e-01,-2.498326838181609208e-02
-1.623112058512797551e-02,4.240294247147922135e-01
-4.853401729095110917e-01,-1.642485714730773649e-02
-2.769077276685175670e-01,-1.839882545176349804e-01
2.482407935548389954e-01,-2.704788641804594594e-05
-4.719203518994248281e-01,-3.499375769851133244e-02
-2.312560538151099687e-01,2.948531761204871079e-02
2.137497515176699781e-01,-2.047919111814660575e-01
-3.477462475406007947e-01,-2.424835911727576954e-01
6.066118969048638343e-01,-5.363166954722332624e-01
2.599249030695358620e-01,1.442709396529621643e-02
-5.029721620829954443e-01,-2.893162116576948328e-01
1.346804028425198363e-01,2.033801976665596534e-01
3.257377143501662964e-01,3.480178292290079245e-01
1.041707256725175751e-01,5.185976989801918680e-02
-9.866393719451309330e-02,1.619198288017282758e-02
1.344662887825807396e-01,4.503140827024019327e-02
-2.724996931391825417e-01,1.205673875868874950e-01
9.966168518751479521e-02,2.229544905871407301e-01
-4.169230100093088143e-01,1.342678284030772440e-01
-4.897555409300575202e-01,-5.577473237091484792e-01
-4.081367636048008896e-01,-1.229992131872307132e-01
4.989755856710775261e-01,-4.363058804508244126e-01
4.276450760176189192e-01,-4.331746233139011082e-01
-9.516949905151808053e-01,-3.969386330487941206e-01
-1.223615708966202531e-01,-8.245731533482579811e-01
3.762976652544039458e-01,3.219893589008587242e-01
-5.304259149088318831e-02,-2.424647430372311174e-01
5.871385010300770313e-01,4.119871608296280519e-01
8.013578560366108050e-02,2.559375347436149140e-01
-1.343727711404103797e-01,-1.778282551011026863e-02
3.907374566277388439e-02,1.083950737283923826e-01
3.458234334391202536e-01,-1.779028403569305472e-01
4.275078931931113324e-01,1.514071986692698268e-01
-5.557112233806958956e-01,1.026566199716009986e-01
-2.628001918389782365e-01,4.818818025740678190e-01
3.039710238127764641e-01,-1.722205799284104444e-01
-4.071431317363430336e-01,-8.848975896811250852e-02
2.640308772076947474e-01,1.102003433890939021e-01
1.716776168595794683e-01,-3.153116497842547994e-01
-7.088434892148816058e-01,1.903638626879808060e-01
8.643904185966913567e-02,-7.485301110138466996e-01
3.921359109917318952e-01,-3.669640866538977364e-01
-3.776696065644431083e-02,-8.873534819602392487e-02
-2.728001679417894065e-01,9.398114698339048168e-02
-3.628278611330865155e-01,4.633781291338271435e-01
-6.020327127140535639e-01,-1.371920111271619433e-02
1.136401950019691048e-01,3.132500625498985669e-01
4.813674912808337258e-01,-1.589766134800430497e-01
7.386112461337694945e-01,-6.452632711423501866e-02
1.090849952314509180e-01,-7.435856509041834095e-02
1.715377035479821455e-01,1.277134737243043050e-01
-6.660046757749822355e-01,-3.100154050360757196e-01
-3.547486957226946291e-01,-4.922106341572300425e-01
2.954851916359621522e-01,-5.263988871983659584e-02
-2.694097714629858659e-03,2.163274068721703774e-02
4.433863432848058617e-01,4.866997294604666346e-01
-4.010655896816044397e-01,3.650468052109253625e-01
2.776593025437930073e-01,-3.193958026602198297e-01
-5.551948562128338621e-02,-5.861850980251402665e-02
-3.138176820928394173e-02,2.820841247498413404e-02
-4.140413678528106489e-01,-1.299867157449714206e-01
-1.420822954406286975e-01,-7.247149158196607432e-01
3.200466839984528744e-01,-6.042487405933184563e-01
1.730102809423284260e-01,-5.685255721959122654e-01
3.993734826324711329e-01,-1.820740729293692656e-02
5.824851963957310419e-01,1.827187622599508732e-01
7.592962432741535983e-02,-4.052693268510840774e-01
5.755921771398323505e-01,-1.707929432316646068e-02
2.687313011238099958e-01,1.414071036624861208e-02
5.410906259165467747e-01,-1.697849145288223005e-01
-3.763900948346012021e-02,-2.412863867032919718e-01
-3.968872208029290416e-01,-3.130423477847065761e-01
6.361331058304960928e-01,-4.151724100209530643e-01
1.909977869539313255e-01,1.742451014154783595e-01
-3.534879600528016419e-01,-4.078335559173841829e-01
7.553535594830311783e-01,4.174190346760263126e-01
7.344106013073498085e-01,-4.429128694306287417e-01
4.141406244335903430e-01,1.166452626810685934e-02
2.059358482463721496e-01,-5.350937651109765048e-01
4.263030079965998143e-01,3.383821258095032203e-02
-6.015973070967992609e-01,-6.490401066850612355e-02
-2.929086578276027253e-01,-4.093376817184599115e-01
4.089472029000429942e-01,-4.374301706383567079e-01
2.047449092301973361e-01,-3.827780781373083530e-01
8.330340145749863812e-01,1.364517163166764357e-01
-2.554340744983908951e-01,-3.877996292525058286e-01
-2.798334601540707345e-01,-5.068985527436963012e-02
8.037167758739386381e-01,-2.063061826181132596e-01
3.177119765896695425e-01,-1.217669302990502661e-01
-1.061842726685649385e+00,-1.023272244844724427e-01
2.529584280540835284e-01,-5.997496652548700569e-01
7.354426876797429680e-01,-1.927517747399401515e-02
5.572895612050732250e-01,3.244305087089262019e-01
5.988561030045014277e-01,-4.369163870073072831e-01
4.556315239616397506e-01,-3.318624881860972042e-01
-1.126207614498325738e+00,-3.595055197583324480e-01
1.187882606288465315e+00,-4.116620609690060939e-01
9.239394345639482253e-01,-7.962556808656559015e-01
2.590803706373129844e-01,-4.253039969324187708e-01
3.668296691476434779e-01,-3.526946496125670238e-01
-2.573729285854590154e-01,-3.793554560111048191e-01
5.979471890660671418e-01,1.916103654251370136e-01
1.357322466816979212e-01,3.234484619246721371e-01
9.241169619324010598e-02,3.279431186180170599e-01
3.493855521729363200e-01,-9.005424869710193514e-02
5.531427381546251409e-02,-1.701343343128307872e-01
1.244029966471010412e-01,-6.879796969713647403e-01
-3.570103653667680010e-01,-1.636531289749020013e-01
2.189064301655908595e-01,-2.904566512304675857e-02
-7.122588478721958438e-02,1.798637879690055397e-01
-2.027275822252502108e-02,-6.293551290426818712e-02
-4.789340929620649612e-01,-3.627457711342075841e-01
9.755267154121953499e-02,-4.190881868013981992e-01
-5.840524916320365412e-01,-3.718673109839107371e-02
3.801300795213067296e-01,2.332616667978887337e-02
1.594022383052538794e-01,-3.552666001616690272e-02
2.921756110686813401e-01,2.691641556818075709e-01
3.743730360145524627e-01,1.362976277107953993e-01
8.577369980976612407e-02,3.544501999226412625e-01
-2.083558444842911195e-01,3.211855855913812174e-01
-1.248624115112334509e-01,3.367298445317715161e-01
-2.846370280162126565e-01,-3.313415813863494486e-01
2.316042131260103998e-01,2.831962391399761025e-01
2.668301377668416685e-01,-1.803208813030320046e-01
-5.794714612202773729e-01,-3.892339677918853214e-02
-3.772524005632291177e-02,-3.380998917944307292e-01
-9.145662413397616375e-02,2.725257909234092280e-01
-8.297311241448239727e-01,1.146682387753821669e-01
2.351245913546699817e-02,1.267090051737707890e-01
-1.820744309602262134e-01,-3.947610067802058142e-01
3.088724751927616752e-01,4.537720049868976951e-02
-3.183849929991328098e-01,-2.978694362534242135e-01
-3.351957007848241910e-01,-2.787398764690213887e-02
-1.873799735731060956e-01,-2.967200120041000311e-01
-2.034950365525710902e-01,2.242018355562842569e-01
-2.778711158595564279e-01,-4.688391791365578189e-03
3.586398756877341443e-01,1.988811749611222035e-01
3.159022677425554759e-01,-4.056130920348834795e-02
2.071586014597461278e-01,7.626826271930468859e-02
8.520636674311646286e-02,-1.944727116769209285e-01
1.513600992417070412e-01,3.576011634256575089e-01
1.105682743003027213e-01,2.104793866836422167e-01
-3.389460116199675133e-01,7.104158050949214986e-02
-3.824781359912836076e-01,2.842496937531689971e-01
6.625538817603715547e-02,1.306306587041073941e-01
-3.463006144811235920e-01,1.419583149352477702e-01
-2.036082802239487788e-01,1.389777079900133827e-01
2.268983235886085359e-01,-2.483346605479730129e-01
3.519278349730208255e-01,-1.969486789445798747e-01
4.495133289979080793e-01,-5.540888081458963388e-01
3.606829746769374956e-01,4.258613715252437260e-01
4.743083366440390414e-01,3.847782495911967748e-01
8.431299647450872792e-01,7.102430273741584810e-02
7.384082798211754062e-01,-2.383734108386927897e-01
4.462854427074693098e-02,-4.682138345779374711e-01
2.739424333486538132e-01,-2.699493256795236773e-01
6.614290653700523048e-01,-2.101655620034270089e-01
-1.794393290237181471e-01,-1.932424279763026997e-01
2.208701868045897729e-02,2.745769257694731791e-01
-2.853908615167139451e-01,-1.350733405457801295e-01
-3.354563090325000663e-01,-4.288360300765683281e-02
-3.486534943184630420e-01,1.070628214159411590e-01
-5.385279701306625588e-01,2.116350587034518133e-03
-2.474585017522465125e-01,-1.746214539655873144e-01
1.916804373933351235e-01,-2.099400869995289021e-01
-3.403596598876162949e-02,-1.938894657029925916e-01
-1.209736633099097458e-01,5.501145365710693458e-01
6.894246733157161078e-01,3.464380973749802556e-02
-3.211948233952371945e-01,-2.244180832713708329e-01
2.038326177865913691e-01,4.107528098118015669e-02
2.933227942479780803e-01,9.350624809213534117e-02
4.873808908083036018e-01,-7.189946422976445373e-02
-6.368226119889976999e-01,-1.965370751567507013e-01
-6.437617048025070510e-01,-1.856673041655412248e-01
-8.466431677023674718e-01,3.415467723350385648e-02
5.057562888967930270e-01,1.634831865627077996e-01
-2.113800784388060461e-01,-4.667911832173624737e-02
-1.264014258026057713e-01,6.296844936135061188e-02
-2.699581287301148769e-01,3.256763643111638962e-02
-1.968082665780046536e-01,1.154971624306932593e-01
-2.182506265821511915e-01,-3.534205028077267441e-01
-1.589968705010191830e-01,1.390213256490757110e-01
-1.948558630076906439e-01,1.197745437720998049e-02
-2.320677116986571975e-01,-1.106724673974498613e-01
1.010015160549245922e-01,1.061122117128148468e-01
3.198908870364631368e-02,-2.387732187198502581e-02
-8.792198653793294183e-02,2.027957635719663809e-01
-4.352192261191705769e-01,-3.209520226968572837e-02
-4.710822539096044537e-01,3.138935582370616650e-01
-2.414464128290457201e-01,2.246540567476979777e-01
-2.661917684861982991e-01,-1.418122031653799298e-01
-1.758625172899066780e-01,-3.479603551602811762e-01
-4.868284756026236004e-01,1.354405108410105529e-01
-3.175700736682848802e-01,1.732082999662971079e-01
-9.632974504045621611e-02,2.061199167767867602e-01
2.824115679204015072e-01,2.769993363295283895e-01
-2.534214837530850417e-01,-1.825413701951223433e-01
-1.638055476916993602e-01,-2.785090517084744949e-02
-3.270388878513639241e-01,-1.241682358660682953e-02
1.376416815398955329e-01,5.084288757203477005e-02
-2.173209394106449532e-01,9.356445045975293751e-02
1.052233252922806089e-01,-2.395000027317477354e-01
-2.482860223789767617e-01,1.259655001797090612e-01
-4.117176437070171890e-01,-4.968000318745281231e-03
-2.335925537521831019e-01,1.783771535518219875e-01
-3.081962287663939093e-01,3.572764313304867961e-02
-5.188762353081480816e-01,2.115464711086220417e-01
-5.594383104722481237e-01,-2.040617290510855775e-01
-4.492528122833245874e-01,-7.237625702211446244e-02
-3.594421231116358140e-01,1.933798119846660835e-01
-4.798918138162528435e-01,3.310638384382586508e-01
-5.723861284494480284e-01,-3.245641347448965375e-01
-3.327740464114619656e-01,-2.363096203264129780e-01
-5.248614194696765711e-01,-3.973572638756964204e-02
-3.383045000073369724e-01,4.980487729375177725e-02
-1.044134846525667237e-01,-2.215489386083325241e-01
-5.028668842456224253e-01,2.733193772265569699e-01
-6.763583117121954036e-01,7.671330512561659425e-03
-2.364547695334099364e-01,-9.800493462785522802e-02
4.823604612893148125e-02,1.265851791568426143e-01
-4.137254933355187791e-01,4.470143355806512342e-01
-8.197640374588555101e-01,1.934016525480304061e-01
-1.906868873206895576e-01,1.101096103972578483e-01
-2.534847695028020209e-01,-5.634803921028002094e-01
-5.099555374281583564e-01,1.536937990391954584e-02
2.995629536414726526e-02,1.917686259682933880e-01
-1.257123969173762068e-01,3.679187132396585791e-01
-1.481559545670072531e-01,4.844432260193083303e-03
-3.676650581853398991e-01,4.352036739996955478e-02
-4.399843408523138599e-01,4.749860496961100242e-02
-1.485523653659383270e-01,2.160608184649400951e-02
-4.589655334112336948e-01,2.962377818581061750e-01
-6.830180072655389623e-01,-2.194202440599430926e-01
-4.609678647741457524e-01,9.513301615877507444e-01
4.482978435683495633e-01,-3.622239515832413881e-01
-3.182777603504673980e-01,4.875276613820452853e-01
-5.948279896343802164e-01,-2.130116574316972405e-02
4.277622080015572870e-01,-2.479034242719768966e-01
7.639871516724288103e-01,2.361126677445466726e-01
4.891626687256879213e-01,-1.478688471164283091e-01
3.564909718233017499e-01,-4.289758258002102087e-01
4.318565263811074972e-01,-3.339595316561466687e-01
-9.154709452266063252e-01,2.592162578917152627e-01
-2.544714977567087422e-01,4.911363018482593490e-01
2.717375349615223645e-01,2.005832975151700462e-02
3.201881823695754692e-01,-1.548164876033473192e-01
-7.458688064413673269e-01,-3.316256117691738226e-01
-4.409240451689920293e-01,2.474659643444666601e-01
-1.501078473638595145e-01,-8.739060939919533755e-02
3.964147501807776530e-01,1.045826637260006964e-01
2.728923641983000553e-02,-2.340002981295199735e-01
9.907267670933209147e-02,-3.460187126119289580e-01
5.692680527693039227e-01,1.276981758281349189e-01
2.662024405525729165e-01,1.896396805989488676e-01
8.959995427096746345e-01,-8.544363236891963642e-03
-6.178848992571592813e-01,-3.744645257695766172e-01
4.366592042117956041e-02,2.841997094266874857e-01
-7.976119742726918149e-01,-2.706691005802201455e-01
1.837173320715151936e-01,6.545186337210599434e-03
4.530152247369691465e-01,-2.951068831785133573e-01
2.372270178838077892e-01,-2.594842954570739657e-01
2.247528207678307910e-01,-3.301795367222021271e-02
2.893807551417530988e-01,2.155321493959442558e-01
1.945524834864992836e-01,2.743792897420306853e-01
4.069016773840946621e-01,-2.547605697442060779e-01
4.988506663971251087e-01,-5.500555197070300384e-02
6.928620055646798892e-02,1.614598220330668021e-01
4.182771825341491945e-01,2.949379441991333839e-01
3.260889886880323218e-01,-2.396503859151440444e-02
-2.052682320238643221e-01,2.692194654298886158e-01
7.232180876684759507e-01,-1.316157734534998958e-01
2.680390465865416516e-01,-6.191765387896182998e-02
3.888827867148892392e-01,5.070233397218559118e-02
6.225903804979536771e-01,-6.076712170749298814e-01
8.749957671263182135e-01,5.162574168443762046e-01
4.661086283333384372e-01,-1.411086399989391893e-02
1.189234874438800521e-01,1.562185573124788285e-01
2.839696548663079856e-01,-1.798148819418721733e-01
6.399232651399674454e-01,-1.973554334141307265e-01
-7.186011090316746230e-01,4.764384318763977000e-02
-3.530421344829349772e-01,2.851969479418103859e-01
-3.769092644394106961e-01,-2.994081781324782476e-02
-4.979769731166599489e-01,-6.136289734328520540e-01
-3.333725319307438428e-01,-6.055399251116948267e-02
4.228626981493701087e-01,-1.987527292316679794e-01
6.453105348687264708e-01,-3.511260224974726007e-01
-1.689772128698923126e-01,-2.241510219633657264e-01
3.331612795644354752e-01,-1.426559588607519691e-01
-3.078876158793451001e-01,-1.543566390418380785e-01
-1.544451517041368731e-02,-5.009816752843623267e-01
1.796672343725773113e-01,2.677633043145801750e-01
1.424631021224233018e-01,-6.313040792011990199e-01
-4.763379761600186058e-01,-3.573299852044161673e-01
-2.165013057474310665e-01,-1.721334398510402097e-01
2.883687307609250627e-01,-4.040120911442923735e-02
1.867718302509203399e-01,-1.967527320431425863e-01
6.476650734165594336e-01,-4.045727505564367110e-01
-1.687076343960407787e-01,3.375187660173994408e-01
-3.459550563041438598e-01,2.727032530344372097e-01
2.317299009233305396e-01,-2.257443460540883573e-01
-1.672002270739452179e-01,-9.652162490791365169e-04
-1.155023463741256806e-01,-6.596584757667756094e-02
-2.376804410582721017e-01,6.872591696597707411e-02
3.788294291118194518e-02,-1.592121790525839187e-01
-9.702240451723850856e-02,-1.551052951226698229e-01
-2.676901489748076401e-01,-4.764243401759375024e-02
-9.352675856654475706e-02,-5.472550499069141205e-02
-1.260681367273273068e-01,-7.506899024888813443e-02
1.070360742163207861e-03,1.739402059442324636e-02
-4.782156810435469474e-01,-2.354853185257418380e-01
-4.269445468075590555e-01,2.634212770306458840e-01
2.821096652279301079e-02,-1.123810514233589963e-01
-5.795412242405603709e-02,1.788015956686423713e-01
6.159337944380884056e-02,2.413474048567062213e-01
-2.599987654858129105e-01,2.431434136583948344e-02
-5.997138911106505432e-01,-1.772211089634316838e-01
-1.697019446828086642e-01,-1.826766703247784951e-01
-1.010756092512214988e-01,-1.823909798436305907e-01
3.358260805583566100e-01,7.522789809039087672e-02
7.676209766364268383e-02,2.119597651759514978e-01
-2.208101866870597341e-01,-3.762141749246827316e-01
4.794003155411065420e-02,1.138875756949775525e-01
7.961255869018258879e-01,-2.038813797074672252e-01
4.101457621866045344e-01,-2.090357765056586326e-01
1.626922674771871802e-01,1.915776185101413509e-01
-6.066128949873306891e-02,-6.135665632967832739e-01
4.834241893197346318e-01,1.413473785472411925e-01
1.006559808716312177e-01,-4.496224235994029234e-02
-8.380333728094976897e-02,1.118624347178169831e-01
4.406697615708541349e-01,-1.521941128417077238e-01
-6.493206182817904404e-01,2.195263747696320905e-03
-3.929098943499754748e-01,4.233542808898304449e-02
-1.096109096506774627e-01,-4.528530063636654335e-02
-9.726918129567529991e-02,-3.815967807803131162e-01
-5.613906261352068494e-01,1.615853432649551336e-01
-1.859785787719878125e-01,-3.260356751862814040e-01
-1.767646519366897484e-01,-1.250906043189106143e-01
-9.865159508260276655e-02,2.937087845487463406e-02
-4.991906978556198138e-01,-3.405538153015457148e-01
-7.294171106573907881e-01,-2.829443179417277521e-01
-5.719013003012227703e-01,-1.404084292154797464e-01
-6.329851323238973038e-01,-1.959329713708434784e-01
-1.288373631474168390e-01,-5.510020929283729885e-01
-6.721398104747060565e-01,4.868584407026737559e-01
-3.586610383962969828e-01,-4.690184271899373591e-01
-5.264468663344386012e-01,-3.793974811422490823e-01
-8.312951196088538275e-01,-3.027395002028750448e-01
-2.358134848472461520e-01,2.992024888540213007e-02
-5.181791901255848876e-01,-4.385668853466621886e-02
-6.396192472898505343e-01,-2.278782765695387125e-01
-1.424193379239458053e-02,4.225730198551913008e-01
-5.993265850130764516e-01,-3.080855606135122216e-01
-6.783429452457730990e-01,-1.317348092863855347e-01
-6.955853992738252334e-01,-7.763804679359387340e-02
-9.287009201634728595e-02,3.129999941888630399e-01
-4.271193140211653749e-01,-4.395172084381828159e-01
-3.879579552183525792e-01,6.180167097964645723e-02
1.784609164856722774e-01,3.319989057662303122e-01
-1.297976349124978779e-01,4.851259774178574846e-02
8.827386057070318870e-02,2.228038302149859817e-01
-3.390678745160379814e-01,6.664734244192363488e-02
3.264211523455607944e-01,2.242303991161516963e-01
-3.194522541280308547e-01,-4.884827185288945217e-02
-9.903243884851291590e-01,-2.632703577279275203e-02
-6.538756921723673510e-02,-6.951468750693168275e-02
5.967244381150893506e-02,3.742646250526286862e-03
1.766533118130041713e-01,-7.975756796350852093e-03
3.769574657392128492e-01,-5.227518115484623973e-01
5.539439574039700664e-01,-3.160116832406165144e-01
1.722861564129579137e-01,-2.558866055384531046e-01
-9.263150541228998280e-01,1.761205064573523049e-01
-1.668707222569078275e-01,-1.234365211562165054e-01
7.171127056887530160e-02,1.903987517027761478e-01
-3.752371605645143937e-02,-1.563266277966648687e-01
-6.001366495814227653e-01,-5.224536827160862762e-01
8.957270773399991781e-02,-6.183274738203138610e-02
3.759420531126844156e-01,1.299384439395096236e-01
5.667560318006228393e-01,-3.457073079601234444e-01
-2.218123761509801228e-01,-4.650765136998081806e-01
4.768637260327221461e-01,-4.199753208908791891e-01
4.705423491752453447e-01,-3.749345294090297709e-01
4.442803337111786988e-01,-3.332710671256358670e-01
3.498458688889213297e-01,-9.573821236138027047e-01
3.162338900643651418e-01,2.696308367496870750e-01
2.981921094286515417e-01,-1.373110664039171314e-01
1.111190097626348627e-01,2.063083613976227082e-01
5.739986272098175357e-01,-6.824999096528590048e-01
4.930442553450123389e-01,-7.728123319952594494e-01
4.026190801130546393e-01,4.044633132655646723e-01
-7.041014505307380267e-02,5.774101843357565961e-02
3.311742630371110607e-01,-5.543207748547482328e-02
7.204450119117949969e-01,3.155969653917642948e-01
-5.565909063188586581e-01,-9.841289044689897209e-03
-4.971170337471721434e-01,7.964311391261832962e-02
-2.776105056775456936e-01,2.592857405389769124e-02
5.386253528924541539e-02,-2.715688156819653365e-01
-1.702171764205267501e-01,-2.366859103025709954e-01
1.131321293868427363e-01,-2.479686803317975030e-01
1.077433638788391213e-01,2.143377274525646789e-02
3.894258187079572414e-02,-1.507158296763154992e-01
-1.201262067337690587e-01,-1.691670168159430943e-01
-4.314641958491378659e-01,1.278928933848202942e-01
-3.707566029547543912e-02,1.489223342372612280e-01
1.006563836497885583e-01,-3.946396626436401989e-02
-1.173721792416070608e-01,4.060302491675167880e-01
1.925466201307255432e-01,-5.383238856971562375e-02
-2.018016094448773501e-01,-1.911619109667853644e-01
-5.673133800322639475e-01,-3.723084758058234911e-01
-4.277712172517267319e-01,-3.076183685006073643e-01
1.315931638461928510e-01,2.465548407486418958e-01
3.512745861095260547e-01,1.296590018334736749e-01
6.479794016165738024e-02,-3.279093463772272399e-01
-3.513510487761626888e-01,2.509782187124207642e-01
-1.400903799941047578e-01,-2.746336568740891382e-01
-9.188815283600629824e-01,-2.613056500267204596e-01
5.397525388768789623e-02,-5.718945829818670168e-01
7.154519779544877833e-01,8.749607730957484342e-02
-7.563173836493574109e-01,1.780338499401094010e-01
1.439848052210660478e-01,-7.658180007335537720e-01
8.582926032861601939e-01,-3.440827170479801578e-01
-1.653613690157396468e-02,-6.022553098587136999e-02
1.113531831035962649e-01,2.185330065675722411e-01
2.417175275620292163e-01,-4.699790088541919708e-01
-4.526904608974059545e-03,1.546417025984958560e-01
3.139563851865214139e-01,-6.664292097248754043e-01
1.421643831656558832e-01,2.337753455731340635e-01
-2.875235583572234924e-02,1.167375192930429212e-01
5.184218670837181797e-01,-3.866915328938585472e-01
3.237649377786608884e-01,3.892009015039316622e-01
-6.601091648833803394e-01,-1.157942393763023749e-02
5.121936985075038473e-01,1.342618780342710316e-01
4.341582566270824617e-01,4.950464365228621211e-01
-1.663384215306195346e-01,-1.079399675215936549e-01
5.092178432361228468e-01,-4.939867836386531708e-01
4.691707883140665281e-02,4.166096852733831013e-01
1.813235087281801494e-01,3.465695865556626676e-01
-4.782147830378987718e-01,2.123474965871670894e-01
1.577070609363373510e-01,-3.728845682191085364e-01
7.528526890083230283e-01,2.998059304319973251e-01
1.415686251487759464e-02,1.480996590786833877e-01
-2.475826258542871694e-01,-6.853882958159269734e-01
5.987138390313682113e-01,-1.181074583458597699e-01
-1.524195688386588421e-01,-3.662606197249446138e-01
-3.356208569000568298e-01,1.471795528026173701e-02
-2.343263750265320022e-01,-5.048189315691645751e-01
2.781658292131742871e-01,-1.328206598186404686e-01
-1.423791340566147312e-01,-1.234669876031411900e-01
5.902587165325567931e-01,-3.231303220455286063e-01
3.497094124764873468e-01,-3.227642715740828838e-01
-2.007392883015918505e-01,5.059183805048860227e-01
1.227563656371762069e-01,9.816985370276498646e-02
2.732973393110457727e-01,-1.198899492661817806e-01
-6.177993090791239483e-01,5.686646133752387006e-02
1.397460700858626503e-01,2.476507420317377028e-01
5.910984896452888826e-01,1.256437149084040084e-01
5.013227070294984378e-01,-1.176604706943006201e-01
-1.808415147764956543e-01,-2.561515673711708962e-01
3.973176149890266795e-01,-2.807982920053523346e-01
6.501078019544666020e-01,-9.420424302591927646e-01
2.285728820001463046e-01,-6.070163124505676411e-01
2.121610238519643921e-01,-2.199497911076314927e-01
-1.928957929322452081e-01,2.263601273150727677e-01
1.097395926982088210e-01,1.406422354779347517e-01
1.522521721830445707e-01,-2.123608966056511962e-02
1.783296617106296666e-01,3.087646829624562383e-01
-4.121441974182183943e-01,-1.555315265595251240e-01
-1.507780763328496476e-01,-4.555282863650153558e-01
4.820761439016578165e-01,-1.088400208553340354e-01
7.391125801240192583e-01,-5.808657424447625228e-01
-6.082826231974334252e-01,-7.077252318908985873e-02
2.299818556486168952e-02,-3.303065123436714212e-01
-4.605329595632181028e-01,-6.359592941160736590e-01
-6.634156256186638512e-01,-2.607733949260087614e-01
5.619806897136103707e-01,-6.907028752891062329e-01
5.510074742867653308e-01,-2.132200958644486222e-01
3.877533853153705135e-01,4.136938035318873941e-02
2.206080297232411100e-02,1.870451881372546532e-01
-1.784212350172809380e-01,-3.406214721483359353e-01
4.216655665546798493e-01,-3.834459529309178216e-01
1.647559079434705309e-01,-2.295930706797549292e-01
3.506292456126757773e-01,1.083226894569781357e-01
9.049998060216039864e-02,-3.946512044030966448e-01
7.658608072802706168e-01,-1.406202732008836054e-01
4.287901802598332868e-01,3.554673139626707279e-01
3.016668229693402759e-01,-3.009483270719326420e-01
-2.817868479722385189e-01,-1.605171949532045172e-01
3.398446577214703224e-02,1.456804654644467019e-02
1.145691523853847871e-01,-2.775043507477605864e-01
-3.496218116367159068e-01,-2.823546978855370759e-01
1.744589235307570929e-01,-1.132876935250574368e-01
3.195466591840247922e-02,-2.609215245053946863e-01
-4.658657960897496508e-01,2.064202610194327547e-01
-3.725002460945989191e-01,-6.490072760309762989e-01
5.158514184404727754e-01,2.089337672889350628e-01
7.131068211777723542e-01,-1.418639395054420438e-01
5.965206314440959501e-01,1.211712394961141498e-01
3.537645294118592076e-01,-6.369913791992053431e-01
-3.021806760306139372e-01,-8.114876707732690542e-02
-3.685304058934390364e-02,-4.430492064411907793e-01
3.912713906029464672e-01,-4.640060862488938342e-01
1.922787975094575885e-01,-3.246282281440354689e-01
5.932465166913144516e-01,-1.598522100730195572e-01
1.219894017061209403e-02,-3.132603687471083309e-01
5.575016971299645574e-02,-2.959798423239228260e-01
-1.276633443508271293e-01,3.876723369072089254e-01
-1.632106950847012072e-01,3.385459255007286505e-02
5.046907681292905207e-02,1.561115634106487460e-01
3.873633640392633026e-01,-1.694696724426767581e-02
6.236428042010641049e-01,-6.717176676134527236e-02
1.916188813054275908e-01,-4.301173237453708720e-01
8.083275837058402635e-02,-2.132801651811326582e-01
2.830575323093846851e-01,-1.851175483352570927e-01
-5.633174402859113528e-01,-2.551376370476330369e-01
-2.809325181032014118e-01,1.047503896539999334e-02
5.516380756850416400e-01,-2.296314345523176315e-01
1.177913516898203838e-01,6.867450817066499125e-02
1.679331407005608123e-01,8.983714723737180885e-02
-3.428099079839310170e-01,-2.399162073837144693e-01
6.159516027284006601e-01,-1.641611204953472847e-01
2.096059455087017631e-01,-4.954254532479016593e-01
5.200687604576339496e-01,-1.420011332600449316e-01
-4.874787886821922989e-01,-2.712649605483390958e-01
5.162143411683662447e-02,-2.023868193110863190e-01
-1.224745026780664353e-01,-4.849646243750930369e-02
5.448530232382307048e-01,-5.949869279322101551e-02
3.553604016688162726e-01,-6.858892551103005220e-01
4.346003847399267372e-01,6.493682396895820996e-02
7.328369837324952840e-01,-4.434925078959764400e-01
3.887410181952404842e-01,-1.569555868526728848e-01
7.235619185932112840e-02,-1.789717588303761098e-01
-1.517132417275814382e-01,-1.856829182664189726e-01
5.479696673766244752e-02,-8.137320805664947920e-02
2.715315462636516686e-01,-1.899951817484912542e-01
3.634285953718198736e-01,-2.053750877321556742e-02
-4.482959777243495370e-01,-2.749282141495991705e-01
-3.073588137941389298e-01,-1.676795550598231821e-01
-5.045679672430708473e-02,2.720722798406018939e-01
-1.164184129615617458e-01,5.613359867443911896e-03
5.025946228685354011e-01,-5.036162139923753278e-01
1.088863590152716193e-01,-2.132766769644070248e-01
5.645076833327720145e-01,-3.716430193791209202e-01
4.059142213457823112e-01,2.339549480083985833e-01
-2.307444537612952495e-03,-3.258524672079363832e-02
-7.285176868373277603e-01,-2.665313936164775965e-01
2.274210627508730653e-01,3.421341034481525378e-01
2.995740294853473928e-01,-1.818375888755022207e-02
-3.052440447312359528e-01,2.169660415895666508e-02
-1.414125547569403396e-01,1.334955643431173233e-01
2.520710413605124489e-01,-5.865911479066492767e-02
-2.347173244504753564e-01,3.908610814059852029e-02
-4.525283997421680193e-01,-6.866881610003198189e-01
-4.290275435953214145e-02,-6.836131225178090354e-01
-7.250787089357227932e-01,9.196715262104462330e-01
-1.243491717596223234e+00,4.493022200636473396e-01
-4.105237814087933090e-01,-3.736289298262846503e-01
-8.331045222196106215e-01,-5.059700824951943732e-01
-1.769091828430727764e-01,-1.074959957686429934e-01
1.821203680962710236e-01,-3.463827341175253899e-02
-2.004371879871921502e-01,-4.202499627988305342e-01
4.123954637109418786e-01,-7.218630537405610337e-01
-6.201375155525357119e-01,-1.337546276283530511e-01
7.530114689797781091e-01,-8.709127653362649379e-01
1.036335357287714171e-01,-2.048016696824836724e-01
3.871188572659839955e-01,-4.547008413192103471e-01
-2.860384679013683318e-01,-4.780432190287136063e-01
7.470383131410912592e-01,1.418444084630039737e-01
3.436237539290091236e-01,-6.381693162748997006e-01
-4.078069079586730261e-01,-3.782787134187782785e-01
5.901639404303573588e-01,5.372721689975143988e-01
3.461047777586190831e-03,-9.454920646483758184e-02
4.567337499691194180e-01,-5.261269676150908126e-01
-3.084916751098534804e-01,-5.449009150019260353e-03
4.093186001972754506e-01,1.451963286584284363e-01
-2.852452104078104234e-01,-5.112351071237937195e-01
-3.716626126511741179e-01,-3.719373020733272167e-02
2.148058565588137903e-01,-2.845772182714631504e-01
-5.326450572339968409e-02,-2.911611416175899358e-01
3.488168403956697361e-01,-7.651221926819625763e-01
3.400763130544358082e-01,-8.116511508790141827e-02
-3.560626228977203378e-01,7.947438099780435028e-02
2.778924867852156644e-01,-3.310273303373222897e-01
-2.782450951730664479e-01,-2.882702729221595095e-01
-4.171299723276901683e-01,-2.662711971075129580e-01
-7.491579218089798875e-01,-4.957865209998704725e-01
3.124546765647395197e-01,-4.692601288366826662e-01
8.870032960726144389e-02,2.439165873431006215e-01
-4.148847983828409802e-01,-2.445882897755207452e-01
1.545930842386955273e-01,8.672619777281534437e-02
-4.407291735231934626e-01,-4.278851933027179033e-01
1.993476733623444630e-01,-4.687277917607317046e-01
1.884414899206790853e-02,-2.849813469267342136e-01
3.761859180599503860e-01,-5.447383496612417941e-01
1.037676674400683563e+00,7.713827731231395757e-02
4.411975954265925370e-01,-3.102073995659868633e-01
1.091867444775743989e-01,-1.118064007821947953e-01
-5.733220174140308822e-01,-5.952125651102587733e-01
2.539151949757239082e-02,1.669006782174237424e-01
-1.102090393149030879e-02,-2.849305123671729834e-01
-1.608022116357392950e-01,-1.832759461082037744e-01
3.830994858688470672e-01,-2.918666466749640920e-01
4.246720323714646139e-01,-1.013082120954526655e+00
-4.540085065077066329e-01,2.936295593090991127e-02
-2.544206455658082899e-01,1.780373700589328867e-01
-2.264646068233849147e-02,-4.862499769033458152e-01
3.866027958588799107e-01,4.789036739535242893e-01
-7.312068960444703114e-01,-4.462476173506683685e-01
2.825972091107135098e-01,1.831303959023674877e-01
2.521197284799709393e-01,-1.621944003501897824e-01
1.030228853466596123e-01,-2.636693975229043030e-01
2.221051680655596605e-01,-6.136628234334851051e-01
-2.775166369661195009e-01,2.890676618089121352e-01
5.061371339023446048e-02,-1.093757797613283990e-02
7.190439429096037727e-02,-6.997958428089491312e-01
-4.416189432709095170e-02,-2.396503283981198940e-01
1.902600363522114757e-01,5.059186592993154125e-02
6.121097753457599433e-01,2.695237327054895160e-01
2.689243244807498767e-01,7.527023269995655914e-03
1.031625108142462666e-01,4.670967905438175860e-01
-8.143633642937505579e-01,-1.288432622585751475e-01
-2.306179848144475353e-01,-4.553598408406090980e-01
-4.683890316716650681e-01,-6.388402180577611444e-01
-7.534142189874170059e-01,-3.283714352482915433e-01
-4.495812937443948165e-01,-1.268062186709278116e-01
3.304103109105718250e-01,-5.771807060255963739e-02
3.605504709283825493e-01,-3.573803226286660362e-01
6.620969296614824806e-01,-5.182088719531632304e-01
-4.739006765105304719e-01,-1.210519984979539776e-01
4.183100808946439986e-01,-2.588754310230547140e-01
-4.708872028884680816e-02,-3.519931014280991977e-01
5.517187650426126355e-01,-5.371829763723779960e-01
1.708131415310231993e-01,-4.430741583108851467e-01
8.675033115751270563e-01,-4.012839732892611866e-01
-5.016682235692412339e-01,-4.870234048273215932e-01
5.297930720376082814e-01,1.526713848267017004e-01
-2.385475235691362217e-01,6.038945230855025104e-02
-3.619493348268843502e-01,4.295655953185173459e-01
2.341410523957272449e-01,-2.796831917261076161e-01
1.039533211422429687e-01,3.379473548012576489e-01
4.235230884200964496e-01,5.917146929042659681e-02
-1.263185835754123201e-02,-6.380266032584028801e-01
4.328151291859331784e-01,-2.484096019544700662e-01
-2.618646264012954306e-01,-1.655141236606279542e-01
-1.592937372894860926e-01,-1.842884151431597728e-01
6.844416369958765678e-01,-6.076059262709104791e-01
1.118111938948964240e-01,-1.167312785437562839e-01
4.273840102270093921e-01,1.187337615128097046e-01
-3.822981586445599600e-01,-9.835627464369615935e-02
-1.197593627712306361e-02,-2.578886002520162646e-01
1.771878503526844173e-02,3.762183924499793580e-02
-7.383894883001268679e-03,-2.225732329251948194e-01
4.471420177082333081e-01,-3.973244800315196140e-02
-6.928077885084458210e-01,-1.807906066651463264e-02
-8.672073259119442157e-02,1.996756839170962805e-01
3.474467836926608544e-01,5.517247717889089270e-02
-4.314004428586995510e-01,2.315712178999686788e-01
-5.530994566810486512e-01,-9.637047657743623430e-02
2.029503998441025692e-01,2.574953837742566809e-01
-1.914467452700258088e-01,-3.586242228670927790e-01
-3.017709685718948931e-01,1.833472943517517606e-01
-4.929471555548700645e-01,1.290938067770918407e-01
-7.724430684070806574e-01,3.545857833278408255e-02
-1.549094588732690125e-01,-8.270048288810701864e-01
-1.042895987691582482e-01,2.642150620611079526e-01
-9.801585270411284911e-01,-7.059253475784857401e-02
-3.376299152058552799e-01,-4.211300307862042569e-01
4.302048355891204823e-01,2.339755567852785934e-01
-9.005026220178281859e-02,1.089015228211957231e-01
-3.511605092887987722e-01,-8.530291992401055345e-02
9.258867272844528706e-02,1.470093240631748788e-01
-7.537763097490859376e-01,-1.026160281144871123e-01
-3.933541464883631433e-01,-3.121327722495017554e-01
-4.006137054344368065e-01,-1.722257892638596743e-01
-1.551540052000390801e-01,-1.879447550819500837e-02
3.372945954322054685e-01,-1.321784656460296414e-01
-1.384255713934348653e-01,-2.570690034164256899e-01
5.033654949304459114e-01,-3.633954133631228101e-01
4.861218760293585239e-01,-3.467038317824648885e-01
3.001673019485360805e-01,-1.481569509965271481e-01
8.201868379839175049e-02,-5.366252822704818681e-02
-7.941307267433177497e-01,-2.572236753623997063e-01
6.776111527918584621e-01,-8.877460226793067177e-03
4.919861926036111499e-01,-4.873624133724220320e-01
4.426402333663231881e-01,1.565261050331252096e-02
5.748912157462450212e-01,-3.957382114591225797e-01
8.531678730248679066e-02,-2.733935440563904917e-01
9.826732925105826633e-01,-7.445438094011463948e-01
-1.996564539611948852e-01,-2.370997025568613026e-01
5.370775807862488982e-01,-6.917395745702435983e-01
1.504293974202630113e-01,-7.190152366782539550e-01
2.030594848825285070e-01,-7.671467865578793233e-02
-1.444427936002448121e-01,-3.683401142217738733e-01
-1.495181257781421358e-01,-6.641218759647462555e-01
-4.051144503070552155e-02,-1.886336987524151187e-01
-2.926975719907704554e-01,-1.563676522032708405e-01
-9.246793305331026114e-02,-1.606394779767768566e-01
5.815289565445779241e-01,-2.549187162013673638e-02
-5.196666986535088961e-01,-1.547833418139070993e-01
-3.511666692896978637e-01,-1.253992617201532989e+00
2.958883704923525038e-01,-3.957289077665761311e-04
1.221520176917444550e-01,-3.724966008174984133e-01
3.120893735280649839e-01,-1.208831334368585697e+00
5.496419539822080536e-01,-4.597929360378202879e-01
4.028276518688512775e-01,-4.699481378500748874e-01
1.777107639759744340e-01,-4.465766444863544238e-01
-6.779544017725152028e-01,-7.151397791850702679e-02
-2.948604637435412457e-01,7.212687042136940729e-02
3.790245290903993414e-03,1.207431311690179004e-01
-9.162061944267054781e-01,-2.250980013087386100e-01
-2.703453472479999675e-01,-1.109890489836369565e-01
-2.738313509843127713e-01,-3.665154527436012000e-01
-3.638053262167191826e-01,5.233420693550362018e-02
-1.144029941411850854e-01,-2.144041434810701197e-01
-8.478658435297907470e-02,-3.305490537420113228e-01
-2.219790290814490086e-01,-1.641693446063242912e-01
-2.745050768332414348e-01,3.891117757991368609e-01
6.545325981084335609e-01,-2.348460892244452758e-01
-8.288683480342332599e-01,-3.135067304522483611e-01
-6.033102779266226456e-02,-3.115582092409779347e-01
1.911006178259265220e-01,-4.537341699686956997e-01
-1.857397249812125506e-01,9.323471180428535843e-02
-8.987234326727218114e-01,-4.924565011542508808e-01
-2.975161718007207634e-01,-8.419247055400389534e-01
6.477914795573060935e-01,-3.608554841250070644e-01
-1.816366147096191153e-01,-1.809503979661307160e-01
3.794157814673213003e-01,-3.633331061026007225e-01
-2.835937292639492679e-01,-4.088900678232212371e-01
4.096708932969572725e-01,-4.606679166353350174e-01
4.912304884350787715e-01,-4.279035170197444393e-01
1.720378196136579663e-01,-3.632268711561926211e-01
7.052813630740516482e-01,-6.222894887124844621e-01
2.525343788064951522e-01,6.114296973596477364e-02
1.060855648921031014e+00,-2.075451395908475272e-01
2.548492894221532357e-01,-3.523841352108500469e-01
3.090101896693664418e-01,-1.023610905055370335e+00
3.677159896822066454e-01,-2.977858501344188835e-01
1.806705883236933430e-01,-2.906735197648155355e-01
5.002291866438707268e-01,5.797224906657538757e-01
1.284201757462863080e-01,-4.615710877603714790e-01
1.292135836391605438e-02,1.430622520305474266e-01
4.657514746521428384e-01,-3.432129304554160099e-01
5.727804778329833590e-01,4.902055054423087171e-02
5.758233185363658135e-01,-4.166975891495769413e-01
1.723510233665580538e-01,-2.783359870305276984e-01
5.657342289421802839e-01,1.860121550503949506e-01
-5.167115147488176019e-01,-2.049133412922913011e-01
5.239538112020156735e-01,-2.462739159033044967e-01
4.539912299353666136e-01,-3.255092128780096572e-01
-2.107721404602662940e-01,-2.956486320511965138e-01
6.177227831132154900e-01,-3.159308219909510163e-01
4.392614836013275514e-02,1.622464664113980326e-02
2.133981322133700897e-01,-3.345996595600112533e-01
1.404916974023994458e-01,-1.102128596218113543e+00
5.131849101323735507e-01,7.689090664029705202e-01
1.098736393265019595e-01,-1.921567139979079020e-01
2.835529627726605106e-01,9.562279524172150047e-02
-4.627610046200251737e-01,2.067819319959406654e-01
-6.074018733522765778e-01,3.826459518894122502e-01
-1.732827487448309126e-02,5.667620782360042325e-02
-9.440996338111126707e-02,-1.464551866892557785e-01
1.848795366861836209e-01,-1.050016479336252639e-01
2.895042530675838166e-01,-9.805480024153104268e-02
-5.874873222901701997e-01,-3.912957863890406673e-01
3.620549687257843541e-01,6.561439648452663809e-01
1.956012977777747130e-01,1.050078701111317736e-01
-7.698467643405152439e-01,-2.264996684162886020e-01
9.571611456029546425e-03,-5.626278053206388297e-01
-5.333596130169271365e-01,2.748189698363064370e-01
-3.438995764022962365e-01,-2.425088565412036046e-01
-5.529202491426783439e-01,4.494724651411888261e-01
-5.939913420709155290e-01,-4.947654030776240663e-01
-4.093566240687328550e-01,-4.688772090802461601e-01
3.090779958992944110e-01,-5.252397980650753695e-01
-6.264285299473960622e-01,1.029696676542303235e-01
2.509090339042168161e-01,4.627373379542294995e-01
2.356796562342867440e-01,-1.743033672278818669e-01
2.079373070969804116e-01,-1.989406263717354711e-02
-1.441682439132415672e-01,-5.159136353359075056e-01
6.952382348986317906e-01,-2.553010995412161033e-02
2.075316161944576188e-01,-7.532445626223183144e-01
-7.658794841319843671e-01,-1.149616471038666488e+00
-3.982238612788931986e-01,-6.258889178496805650e-02
4.738730837550638592e-02,-2.758805239878084348e-01
-5.187334888827785928e-01,-3.302302755233491594e-01
-1.100347552633714338e-01,-2.110811191212663418e-01
-1.048231785440029817e+00,-1.345909060517139766e-01
8.533272370850773780e-02,-5.904501190740629735e-01
2.039891223995294878e-01,-4.686148887281436082e-01
2.568535477503443576e-01,-8.508080499046281053e-01
3.162407947382311901e-01,-5.979250258162612797e-01
7.461788441740961897e-01,-3.014375008646244525e-01
1.905988203259797176e-01,1.169832124217955738e-01
2.465115626862740827e-01,-3.153694468864169931e-01
-6.556504695345254374e-01,-5.858582937122436274e-01
-3.594249896741338185e-02,-6.615213529073911414e-02
7.278268357124711985e-02,9.786797264894576964e-02
-4.407146155743411897e-02,1.538569099720143996e-01
-8.096500955595120619e-01,-6.750438654634363100e-01
-2.194261230571564747e-01,-1.732647154830139480e-01
-3.986971425713957684e-01,-4.640613379552320228e-01
-3.537577242658224708e-01,-4.206720866305863060e-01
-1.453846940182183800e-01,-1.796812651399068428e-01
5.775018579219920456e-01,-3.961064457725678167e-01
-6.925517152773043028e-01,9.091170494135181190e-02
-3.221215606351299776e-01,-6.169061704676574998e-01
6.306156720249940228e-01,-1.718227594576245687e-01
-4.090156170624795196e-02,-1.916076603215818019e-01
3.924367593841514013e-01,-6.887294171121295383e-01
-7.238318177726832392e-01,2.497563934255860318e-01
-3.677843089389564724e-01,-2.666676672587439678e-01
-3.382698035398465919e-01,-5.939079171218776265e-01
-6.895203038175466981e-01,-2.139284432165952377e-01
3.725571910426034861e-01,-9.562738928625358348e-02
-6.390266571608500534e-01,-5.386547890075457992e-03
-6.279405376892587265e-01,1.097921598461597259e-01
-1.104070488978483033e-01,1.127469949678078787e-01
-4.722975481458176472e-01,6.640304491692437805e-02
-8.572204256183284590e-03,4.021169557007236439e-01
-4.720205412557415547e-01,-1.762319065466673995e-01
1.734972873755631084e-01,1.251157818360558172e-01
-2.774448923193774674e-01,-5.263153973417445952e-01
-1.348731550516442113e-01,-2.113176362175066825e-01
-3.096795577079736184e-01,-2.655888333329547643e-02
-2.528169006095183358e-01,-1.567776543282989599e-01
-5.555342059037533808e-02,-2.254607095891597579e-02
-3.065162252438853319e-01,3.018616537003926958e-01
-7.683651212570532518e-01,4.895385559065195680e-01
-7.204225822937332380e-01,3.767219229426951865e-01
-7.328268524438351639e-01,-8.500812190131903368e-01
-3.510717324333957334e-01,-2.534702503478327706e-01
-1.759860209568481770e-01,4.027698884012472780e-01
2.617691740363452535e-01,-5.349252247175452224e-01
-2.684780189534155537e-02,3.835627509433657822e-01
-1.148426249692084261e-01,3.013640016216271311e-01
5.564673833013665527e-02,5.723721356658908466e-01
6.244568557567188316e-01,-1.600329518346586266e-01
3.510266050721939091e-01,3.688466654967134661e-02
-3.565272525212498378e-01,-1.145513802026763284e-01
2.373954138689321480e-01,2.199565310789655947e-01
3.336760861821184698e-01,-3.352628201618010895e-01
-3.066149608591818287e-01,-8.148962321202548598e-01
-2.459254065830898950e-01,3.452896094628571944e-01
-6.680690507232273090e-01,7.363999125415675584e-01
-7.561545319282222399e-01,1.254111015332638468e-01
-4.754645377772647730e-01,6.241090174208729913e-01
6.369384490283749312e-01,-1.510810604411808866e-01
-6.430868593502009865e-03,3.618873918957545704e-02
-1.012175567652632696e-01,-1.754469794678574501e-01
-5.789883195510839853e-01,-4.166774865826505803e-01
-2.138042326058556819e-01,-2.329768774772943973e-01
-3.760487516598559066e-01,-1.248428079265619939e-01
3.250036385454079801e-01,1.523634758089037200e-01
5.636563747775443778e-01,-3.621124902763608877e-02
3.496306701618241419e-01,-2.601396183315120014e-01
-8.876489652251432494e-01,-2.248106003940613107e-01
8.441585870335012176e-01,-2.480957890863023096e-01
-1.461226777914931552e-01,-1.442294045535941482e-01
7.567603418285768768e-01,-4.033571908192277733e-01
-5.376022014156853768e-01,-6.670727934724479669e-01
-5.507998151699921019e-01,-6.095315988398989360e-01
4.474255333085688097e-02,-7.040076705040499983e-01
-1.537971586977241248e-02,-6.668866932662058378e-02
2.653144374722078980e-01,-7.290190307170792972e-01
6.080158346019194637e-02,-1.684115054529979061e-01
-2.476445171058183070e-01,-2.405696677792059368e-01
3.987611971944138856e-01,-2.300720163663897144e-01
5.038376453794305432e-01,-3.267903207576052793e-01
4.155670391399434727e-01,-3.510333512430093283e-01
1.592983798470329337e-02,-6.499761281441748806e-02
-3.157916655898962421e-02,-2.312389893534954471e-02
-8.209412451489542795e-01,-4.003862133876431306e-01
-2.699489388555748604e-01,-5.223302118105572767e-01
-1.999468698767312980e-01,1.999166466504544715e-01
1.123646860891779758e-01,2.106406547702831811e-01
-8.251857000121779473e-01,-5.498479175321770995e-01
-8.183305995543457279e-01,-6.616861273061237503e-01
-1.954103487001064010e-01,3.442707418096326022e-02
-3.271932704969419126e-01,-2.996447077706689693e-02
1.528242985195610859e-01,-5.535593001869448804e-01
6.155111294831483448e-01,-4.088798933701247584e-01
5.706758438840366932e-01,-8.285015032241004052e-02
3.714229106860458263e-01,1.481961045174304548e-01
2.458239557465962191e-02,-1.760827128596282876e-01
-9.349178711056413404e-02,2.064990472279252809e-01
2.017885823413300139e-01,-3.105071937588462228e-01
4.458564256837005413e-01,-3.159026681119639912e-01
-2.882467556858273605e-01,-2.312205584149743254e-01
-1.024614037111188924e+00,-4.420667008259173136e-01
2.629175576541011861e-01,8.351689367368134165e-02
3.671272501674063826e-01,1.287090227494161188e-01
4.498746875640737275e-01,6.010257691170540475e-04
-8.491266220135734732e-02,-3.478884208257686239e-02
1.922995901865885426e-01,-5.235377068817893553e-01
-2.853263437427860372e-01,-5.045688609429515026e-01
2.588313516342639065e-01,-2.641486368186710676e-01
-8.602864910448161373e-01,4.262280877860349371e-01
1.386965041154053779e-01,2.148897924995680705e-02
-2.429092482459977442e-01,2.831383207517493839e-01
-4.652625027917337563e-01,9.484959453266850193e-02
-4.372686254511759518e-01,-2.656775164183198049e-02
-7.645777583711699243e-02,-5.013729771907727839e-01
-2.044510931781550744e-01,-4.424921624463712400e-01
-7.031091956651461805e-01,-1.486020134950038485e-01
-4.733486235952519272e-01,-1.674122773770292394e-01
-4.517875025375241438e-01,-1.905163571455893434e-01
-1.072415885422903503e-01,9.674514538605527569e-02
1.388519924843764630e-01,-8.227276523832269817e-01
1.148979047909387124e-01,-6.064035121718613919e-01
-4.022830731412976313e-01,-3.069807206072574512e-01
9.637029091260714830e-01,-2.398509320291215552e-01
5.441244198698917955e-01,-2.169323270368513079e-01
-3.738574416406845180e-01,-2.805799422472946003e-01
5.421355956050524089e-02,7.068617341094612927e-02
5.049753417243705300e-01,-8.867448794751338348e-02
-4.343241368009408132e-02,-4.519600456884537154e-01
-5.795332332095367960e-03,-5.080681189715529067e-01
-8.584052450819126268e-01,1.588920013269164988e-01
8.140294938707350880e-01,-5.438184393625662416e-01
3.937541745178964603e-01,-4.774323557789461603e-02
-8.766595678217878329e-02,-6.244225607646706200e-01
7.524431212584984374e-01,-7.206636635510440918e-03
7.134323860026771380e-02,-4.078854482362336831e-01
1.462377653715633830e-02,-4.165513608514770927e-01
-3.075855246066138693e-01,8.057838107207704326e-02
2.723207584306927553e-02,-8.288602035875086704e-02
3.040070263224641245e-01,-1.083730027476998287e-01
-8.617673401981509884e-02,-3.343394231236769543e-02
7.222025081871800145e-01,7.825656969997758783e-02
7.152990683026655416e-01,-4.498164497408639884e-01
8.851680789006385885e-02,-6.038722433597389916e-01
-2.935720747120415530e-01,-6.531826979459262050e-01
-9.465053004943023429e-02,-8.280861885238343101e-01
1.815929225582530171e-01,-2.176702549363009331e-01
9.926111953623391326e-02,-3.147161311843295062e-01
-7.199078226880256670e-01,-9.603171262830462185e-01
5.464154665074214684e-02,8.154435493633352960e-01
3.274673450395167995e-01,2.654863918788628596e-01
-5.182020833146613881e-02,-2.201551201123845905e-02
-1.106180132002278771e-01,3.554073011953614580e-01
6.014191860772085674e-01,-1.900640277383054966e-01
-6.202774074908209423e-01,1.700429408895141603e-01
-3.891750168668001719e-01,-2.105655254314926783e-01
5.574485278890947137e-01,1.032418175792703785e+00
1.076079249309484509e-01,-2.038306165824728677e-01
2.699183324292213637e-01,-3.645272989293812937e-01
-5.187929560679022112e-01,-5.193482123022218344e-01
3.816978841671766487e-01,8.435935406847980267e-02
1.490170280803078395e-01,4.654981431721402774e-02
-7.907831439661053285e-02,-2.707304529154099249e-01
3.244190039233627587e-01,-3.195227367455363843e-01
2.453548200049356642e-01,-1.134222318390473543e-03
-4.825696470243349273e-02,5.820308778420109075e-01
-6.546760021012931752e-01,-2.690757336951662970e-01
7.476373145729396930e-01,-2.134369895467547185e-01
4.205954583938647899e-03,5.089795528334044583e-01
-1.666233340741586355e-01,-3.835000831898932039e-01
5.110898253386116918e-01,-5.594007003268059997e-01
-2.308082896670753115e-01,-7.541544978639865837e-01
5.744754116858347137e-01,-2.410317649910684035e-01
7.215999695338081235e-03,1.163339561473800687e-01
2.200908065038987838e-01,-4.801000621695906273e-03
-5.522676334127804010e-01,-2.544214822964726008e-01
3.640358186343543023e-01,4.877131822376277182e-01
-3.550627557336241136e-01,-3.208096527844651047e-01
-4.909425900372585416e-02,8.020442429860470679e-02
4.145822715809570624e-01,-2.935862335410721058e-01
-6.117178652543966422e-01,2.829316596274781270e-01
-2.089778572010987379e-01,1.671884039510111442e-01
-5.298515755098497371e-01,-3.821011155616029775e-01
7.061791777621706512e-01,-3.271741449746942698e-02
5.629485790161649073e-01,-3.802278456649463845e-01
4.374579785998054526e-01,-5.985766609021241358e-01
-4.229997521117130344e-01,-1.404070998412404181e-01
7.195357865472703507e-01,-2.327087316587441723e-01
3.411329627972185530e-01,-3.856110427748755121e-01
1.052655621641377173e-02,-2.368901046316755077e-01
1.770434750701319615e-01,2.754857471276031533e-02
-2.342964990250341606e-01,-1.762605301193592988e-01
1.718914215935539447e-01,5.543046043495722941e-01
2.452713390286994088e-01,-4.948176945817395200e-02
-4.929003344874343523e-02,-6.618282157068240412e-01
-1.349084164885279991e-01,-1.813362057811763184e-01
-3.358385448837075682e-01,1.200514639813025780e-01
1.613634106558295700e-01,-8.722664002601976385e-01
-1.858559324365198148e-02,7.444236348705760009e-02
1.945365570749153783e-01,7.782475994839610500e-02
-5.035737856762603215e-01,-2.693234721102588658e-01
-7.839239963210981044e-02,4.747877307417996962e-02
-2.936331006197627769e-01,-8.099860824176210450e-01
2.011450462010024587e-01,-5.783493919032278024e-02
2.747463982300948349e-01,2.832608885005139521e-01
-1.509715682101391565e-01,-5.338047259170408676e-01
5.105591843089619664e-01,5.030659212403836289e-01
-1.832684607490051854e-01,2.476766819160311772e-01
-5.271196822284678063e-02,2.126096004540180828e-01
-1.326096292022336531e-01,5.201683245967914787e-02
-2.095044971091647099e-02,-2.691575560740800399e-01
2.241745359967413642e-01,-5.282895606775084296e-01
-2.210211445366815630e-01,-3.741738374349558582e-01
-5.899935717296811433e-01,1.485310356633894047e-01
4.745195932135958250e-01,-2.718433804479486807e-02
3.306354605227014853e-01,4.080975340260115103e-01
-2.784241422162043733e-01,9.011360321872630141e-01
2.903815325869165548e-02,2.507711599226944976e-01
-3.886493944672375633e-01,-2.101468791666208924e-01
1.112202508829273767e-01,-6.707953807523635570e-01
-2.395619415222448312e-01,7.599928052301918591e-02
1.243955738503219229e-02,-7.028756787315670884e-02
6.099476838586884164e-02,1.016399434139679814e-01
4.214261275349595604e-01,4.265653242428443792e-01
-1.059859078237103264e-01,-5.210387250533334846e-01
-4.047410739979635796e-02,-1.738593942580265450e-01
-1.698956789120734667e-01,-4.086785408121796498e-02
3.999263628797128378e-02,-6.404630327640464804e-01
6.756344660519246481e-02,-4.290292896933208810e-01
8.157503446366792810e-02,6.531186359320415025e-02
7.828231516357997410e-01,-6.737144180880974553e-02
-2.618516861493941916e-01,-3.734496723110389271e-01
2.199857270310703883e-01,5.458397559996112230e-02
3.679975114205428222e-01,-9.491330490062259428e-02
-2.645345260670919907e-02,1.005904179500965862e-01
4.078252066178198465e-01,-8.902279119756614234e-01
-2.686756450850998346e-01,-2.112769731495568182e-01
-1.370258707551111899e-01,-3.888707941719174443e-02
2.914548068052488783e-01,-1.209998716441090666e-01
-2.576155298438195101e-02,-1.666488834697964494e-01
-3.362711038821462051e-01,2.122374399239266435e-02
1.762628546397860541e-01,3.193966849609506387e-01
-1.658608698492194666e-01,-1.733629107879842701e-01
1.983021989011197750e-01,3.641693712183599052e-01
-1.531391197207505606e-01,1.264916608615036797e-01
-4.633420027972831035e-01,6.540163722862603057e-01
-3.358833139811326918e-01,6.616654151917482352e-02
-3.522839063009950422e-01,2.915917492787674092e-01
-2.007977639259936331e-02,-5.755915755246798771e-02
-1.756177372755441390e-01,2.271545818580415210e-01
5.199386252813097409e-01,3.768708649078527512e-02
7.124061249504105575e-01,-6.008466028939954962e-01
-4.398785929829059360e-01,-1.314913168290583190e-01
1.130993802568094724e-02,6.496140507747676096e-02
1.457995595676401523e-01,2.936084852304701037e-02
1.859232749764212489e-01,-1.897739004178126965e-01
-4.129095399203578376e-01,-6.863513013830633280e-01
-4.074789614737327481e-01,3.422941420411457214e-01
1.227208102138155066e-01,-1.045415813780309622e-01
4.364879012070033704e-01,-2.713824672591620413e-01
-8.147683098285887771e-02,-2.337692064700311878e-01
4.111861854421596484e-03,4.368724996359083651e-02
2.089987816883693561e-01,-1.244193064366951040e-02
-2.015318284474755250e-01,-2.764068636247378752e-01
-3.370369439617582619e-01,-2.627226300553617278e-01
-6.602969009246076326e-02,-4.092361121987155292e-01
3.002215860848575502e-01,3.714445568378973439e-01
-6.999347465706466931e-01,-5.521257496754633509e-01
-1.433274445806072273e-01,-3.388676575344888309e-01
-2.622607538121336512e-01,6.134268673555063334e-01
-4.885464808389336500e-01,1.313591069342314455e-01
-8.316532561146544600e-01,-6.122043721626423129e-02
-2.859729451275737633e-01,4.115085006917968968e-01
1.180150946182705607e-01,1.997449532306530273e-01
2.263351005242152103e-01,-2.102237218789140272e-01
-8.793258891354156503e-01,-7.519360854230142666e-01
1.672236939650016130e-01,4.303828264603847820e-01
8.797852457752214361e-02,-2.773897436536008621e-01
1.726661671823021826e-01,2.562831600244953045e-01
3.510117394534269519e-01,4.724937261080213585e-02
3.425252641323769942e-01,-8.815504253337312635e-02
-7.541098772943989337e-01,-4.391612033886776456e-01
-4.971948612803380740e-01,-5.087027608932220835e-01
-6.715952985606544745e-01,2.445589050130614617e-01
-1.916910159925125090e-01,4.665567724732132965e-02
3.960175223020490076e-01,-2.840746026486216103e-01
-2.836931487505534588e-01,-3.992609013155937192e-01
3.341877199841237767e-01,2.123264066605113631e-01
-3.158856717783104506e-01,1.051781720086058108e-01
-4.956947673802836185e-01,-3.802627839207852189e-01
-2.542885061827733217e-01,-7.211005124615760264e-01
-4.407828721746316347e-01,2.394580451149262990e-01
-1.962915975135147428e-01,-2.602997741758032446e-01
-2.329386743039754681e-01,-4.133285287830142096e-02
-7.310479961609095412e-02,-4.379491478813376526e-01
-5.405556837741737342e-02,-3.235781928633408855e-01
-1.199965770622374479e-02,-1.735403722968859030e-01
6.202079019892364070e-02,2.870286084513986105e-02
1.883487639336260122e-01,1.601150085071857687e-01
-5.638374842004875154e-01,-2.481736025538137935e-01
-6.271492625507649743e-01,-1.001610596690466037e+00
1.208926377288323251e-01,2.078870621962892740e-01
-3.956236853769437567e-01,-1.535442586334454240e-01
3.217361643217715450e-01,-3.957583422421384056e-01
1.066170692977155832e-02,1.224152718781226779e-01
4.839023694977271917e-01,1.867818763275247151e-01
1.097423311307918620e-01,-2.102814079392943767e-03
5.831539382520027903e-01,-3.257990433602622193e-01
-1.208555591286618741e-01,-2.940527190831768722e-01
-4.261505587817586704e-01,-3.249170558877715886e-01
-2.618378838083463070e-02,-4.957182281930176404e-01
-7.711359072177522700e-01,-7.781540011810841317e-01
-5.709979322692647630e-01,-1.312073190122378941e-01
-4.586425865983900230e-01,-3.167291809678232095e-01
3.420802024479404624e-01,-3.933879601918714997e-01
-5.845878895330629543e-01,-5.619006262583141620e-01
-1.196180459689215603e+00,6.145656818399354293e-01
-8.158298382048515540e-01,-1.732643797965935650e-01
-6.790725266921397996e-01,-1.456270009494576301e-01
-1.230617677692626533e+00,-1.455776692871005862e-01
2.529998836284435559e-01,-7.733216148778582211e-02
4.359708567266574186e-01,-5.419758472257839577e-01
4.059394819165114132e-01,1.313729436492756253e-01
3.256553046397704376e-01,1.180119706441241402e-02
8.417882323179695647e-02,5.196587943861448178e-01
-5.737210140637653000e-01,-2.160752187838639315e-01
6.466733109381968270e-02,2.846575483221649994e-01
2.344880804997651613e-01,-1.231569796134222239e+00
1.406025810438872869e-01,-9.170288291616365828e-02
5.848197285581371307e-01,-4.874216323485054403e-01
-1.937331127992687752e-01,-2.689722955459609988e-02
-8.311578840363669299e-03,-1.541090889489813154e-01
-2.428290418904733017e-01,-5.842718655150456186e-01
-6.064394540219592705e-02,3.034257839451314637e-02
-2.549728725912706606e-01,-1.585706917165835006e-01
1.383723262496092399e-01,-4.344949088745984067e-01
-9.786983408895955083e-02,-3.181259087012176107e-02
-7.839146200394314645e-02,-3.723528156169390591e-01
-2.337537118682878057e-01,-5.633511188382924750e-01
7.273849030827407580e-02,-2.651700182791647542e-01
-5.289865441923276290e-02,-2.248798204611109075e-01
2.756671083249563892e-01,-6.362996122485463646e-01
-6.628617436823753817e-01,-3.551666678991133863e-01
-7.672157751420763394e-02,-2.522931472373249329e-01
1.267442666832505893e-01,-5.178612352593158219e-01
4.462815833495077933e-01,-1.660128781728887060e-01
2.571606411326926023e-01,-2.719740323813450364e-02
-6.109947659171378886e-02,-2.713952975575456006e-01
-2.644991532909052867e-01,-4.009211633294404997e-01
-2.090577490022781093e-01,-1.124987455188078550e-01
1.742938248792073042e-01,-1.615450395804012562e-01
-3.914998289827918004e-03,-4.104992317949522351e-01
8.920079802888684906e-02,-5.945009974800778522e-03
2.864306200044316464e-01,-1.941602437064005593e-01
1.736660332954838848e-01,-3.800487002552075527e-02
3.261372684022353363e-01,-1.322433118179731915e-01
2.786296648387883157e-01,-7.550965638587688045e-02
6.378763840696272114e-01,-1.986127403032965644e-01
6.260662295091307117e-01,9.405235312386878155e-02
-3.428870218964938932e-01,-8.919877705132370216e-02
9.034174117952921135e-01,-5.985827082279734368e-01
-2.239029702873119865e-01,-4.748817686638036051e-01
-2.009157951141062326e-01,-5.789195336636526745e-01
-1.929486816224726398e-01,1.354500037116037336e-01
3.906935121117027232e-01,3.098799713234879905e-01
-2.104908668842712105e-01,-1.540566698301012449e-01
-1.102065158174679177e-01,5.518183165823971059e-01
-3.190405457668632483e-01,3.593534654219456281e-01
-2.684413492234664078e-01,1.101299722867809389e-01
-6.821771098065805561e-02,3.544821176297784371e-01
-3.691316158769005762e-01,-3.217630894529466823e-01
-6.120146455581215728e-01,-5.970444010636463683e-02
-3.495731478702232553e-01,-1.909875531391747872e-01
-1.210528469164392773e-01,-4.111986090948223649e-01
-5.531397907928501390e-01,-2.420394581055221594e-01
-1.345082025492365940e-01,4.865690070678950485e-02
-4.535284940408534360e-01,-4.578795889493416649e-01
-5.105486006469336369e-01,-4.929559287459052419e-02
-4.917302140155748735e-01,-5.107130455177085748e-01
-9.326501128281462771e-02,-8.074208726574921835e-02
3.974193748564285034e-02,-6.683616212487515362e-01
-4.022028010271705423e-01,3.755462052877328594e-01
4.659683610553053829e-02,-2.793146185055960240e-01
5.552122234769125697e-01,-3.282281864317817544e-01
3.052092066903879658e-02,4.977797977716846844e-01
3.355984681781208900e-01,-2.750267879893835699e-01
-3.413559362064360614e-01,2.750427182057518793e-01
-2.252699030847597761e-01,2.807970486925067122e-01
7.997271370090035247e-02,-4.393648769792033448e-01
-4.029496491730000240e-01,-4.650400175537036662e-01
-2.558010164211099169e-01,-2.764001855089624482e-01
2.987545381373873932e-01,-3.045423144791705727e-01
1.661156034063923370e-01,-3.586311037953764380e-01
-1.974791382357713176e-01,4.827923365381014270e-02
3.456805767158078746e-01,-3.271771151376634545e-02
4.016281076584716225e-01,-4.246010312270708797e-01
-4.458666447321366078e-02,-5.308238779971417853e-02
5.354060326578302664e-01,-2.809813797987708583e-01
-2.667533583933750507e-01,-2.312629611794497497e-01
-8.623431175604696908e-02,-4.406630422894170507e-01
1.437970641146937290e-01,-8.577262049991499215e-02
-1.575921088612505239e-01,1.022495616475200542e-01
2.191693331312475901e-01,-2.996822070878192301e-01
2.747580484794545641e-01,-6.258360605797637088e-01
-1.674890410333203239e-01,-5.745056832010914105e-01
4.256414037142048357e-01,-8.710186167255754563e-01
1.960924108773259289e-01,-3.486610170570363931e-01
2.126912199563902872e-01,3.880253533195687221e-01
-1.702562387009048939e-01,3.668294317125811999e-01
-2.342783798885306190e-01,-2.085497900993557308e-01
6.403684346289013896e-02,-3.932004551825220573e-01
-3.023430095695647801e-01,7.596222763387740218e-02
2.777799519263467465e-01,-6.717029446841096263e-01
-6.485565460147023620e-01,-8.339118115550978594e-01
-1.502023989690712824e-01,-7.656340253289658504e-01
-3.826866517307594973e-01,9.914162846543981278e-01
1.357860334502880018e-01,-2.053174370614914424e-01
2.599991611154213178e-01,3.092698396374510272e-01
-2.254519640193265728e-01,-2.776243379502834063e-01
-4.425877473566900422e-01,1.253727824383820688e-01
-3.082026036773971578e-01,-1.060030433961240415e-01
3.549314797069301752e-01,-1.080461099928829993e-01
9.349153841115660779e-02,-6.846302754586594541e-02
4.964882709626919355e-01,-3.468461662535650691e-01
-2.673543374364313330e-01,4.340303857339701532e-02
-3.039792656668103277e-01,-2.353515544879106192e-01
-1.971023544284289941e-01,1.762471491214114006e-01
3.495473873971318562e-02,-4.333091161204616903e-01
-7.298139192941578424e-01,4.182212006963968998e-01
-1.633603761123165465e-01,4.765572019464417441e-02
-7.466967444201620674e-02,5.608970914156869991e-01
2.401528493229547478e-01,-6.170050283455158491e-01
5.395425897122430037e-01,8.395261676520869576e-02
4.561651036406505488e-01,-1.046761913848693881e-01
-3.137273318275026618e-02,3.636395571306829111e-01
-1.335282925486537819e-01,4.256888644178006831e-01
1.655009748511521162e-01,-6.594176315723107584e-02
-8.635220510446658393e-01,-2.310871830701665131e-01
-5.442037564401260852e-01,1.167560946600426641e-01
-9.361557778095308535e-01,-5.774401501371160261e-01
-1.010875704497576355e-01,-2.824444623667042853e-01
1.020211130239997432e-01,-4.067081883675316423e-01
-4.754668306355280642e-03,-1.858989331974234827e-01
-7.605484051909481291e-01,5.403974603665136212e-02
-8.777280018695427302e-03,-1.451789593790497879e-01
-2.382673809052427705e-01,-1.772197469873018627e-01
1.361713341483558604e-01,8.860458837363699089e-03
-4.550549324198890910e-01,-1.466397678269064642e-01
-7.598555602371508400e-01,-5.050500988515486123e-01
-4.997714952538987454e-01,-4.915263891081759762e-01
-5.923606222423776213e-01,-7.959478833963289368e-01
-8.494549932476118670e-01,1.668054816027282894e-01
2.284775980473359169e-01,-2.940905444100092581e-01
-8.033518094767902462e-02,-4.532151672767035233e-01
4.443698686998414082e-01,-4.026657901833539110e-01
-2.418351814949631362e-01,4.627020018870841439e-02
3.249141977276966964e-01,1.937945096983310911e-02
6.184797218645278205e-01,2.746287433365660058e-01
-1.371204628556576266e-01,-1.041080603436570634e-01
3.795690134466773308e-02,2.530740620226483162e-01
-3.839763343477828328e-01,3.284871294964973321e-01
-2.213133074401162637e-01,7.114556908685507053e-02
1.180843637325290491e-01,4.331846153726271464e-01
5.322671430164303656e-03,-2.540033347503523609e-01
5.691396546877967033e-01,2.653459579025603254e-01
3.602437522809640025e-01,-3.612309742042322247e-01
-1.105418187594308932e-01,-9.397397748897610981e-02
-1.445743522719200591e-01,-6.776852586951338520e-01
4.251831827520725082e-01,4.496161450903528034e-01
-5.118496687684612745e-01,-4.081716926054126948e-02
2.503502151908136297e-01,-1.769341909485761255e-01
6.568368649864587960e-02,4.571840594154573112e-01
-8.672728390224054840e-01,-3.492808305589122086e-02
7.319117685845828725e-02,4.449022716394212540e-01
-6.023674771038190628e-02,-3.449386997357559853e-02
-1.104465274628895766e-01,2.245807653211357446e-01
2.698286362970231944e-01,-1.434168007841113701e-01
-1.945923553708350240e-01,2.644430091519072712e-01
1.861563026477892069e-01,-5.846908842990498067e-01
-1.982865705627910244e-02,7.445966356153184418e-02
-1.378541677926382603e-01,2.228734728831645306e-01
-6.237138131308104239e-01,-2.457495503674760884e-01
-5.629439996366353977e-02,3.881906459202302262e-01
-3.773845738476833689e-01,3.369299078877463494e-01
9.491497982426093383e-02,2.950509029497959679e-01
3.386191190299552012e-02,6.284369216641785827e-02
4.074395701703035777e-01,-2.630761904634572601e-01
1.245954991969268344e-01,1.534487906942837154e-01
-2.787547142811230283e-01,2.520372335118806206e-01
-4.611458301957971906e-01,4.101517074562623932e-01
-2.318343124912486675e-01,-3.712031771096428456e-01
-1.453925973529867910e-01,3.762633471717296008e-01
1.479089756008323819e-01,-6.459138253810045027e-01
5.003340748861716952e-02,2.781748209401914140e-01
-2.108383702241985458e-01,3.769456255065828376e-01
-1.538119403283115250e-01,2.992709596068335864e-01
3.490478651938559995e-01,3.647631408878512227e-01
5.236081792583770905e-02,3.495615533035607014e-01
-6.640961635365306981e-02,5.882111335635576387e-03
-3.701053158522438213e-01,-4.943629439208681586e-01
-2.678861896400162035e-01,2.648655613769032233e-02
-2.117212617273925290e-01,-2.377493603795639010e-01
1.603404569538625646e-01,4.258615822719084565e-01
-2.821133311454858683e-01,-3.592889993720997377e-01
-4.001807986336567563e-02,-4.460095459696692966e-01
1.316285192468077403e-01,2.750190745689149452e-01
-3.947914365716462815e-01,-4.547434026360873682e-01
-5.669182829315004835e-01,3.562541619315383046e-01
3.970216151113207248e-01,-2.255091337797779927e-01
1.501358177060304888e-01,-1.648474248673598153e-01
-1.031355797106232319e-01,-3.001221765616022830e-01
-7.960383558342843946e-01,-4.801135311503452185e-01
-7.020577238880839621e-01,-2.535136031619171226e-01
1.202461950502089899e-01,-1.134199744968051038e-01
-4.803508947764453460e-03,3.932629754220939300e-01
-1.601422205644332519e-01,6.689352513780137954e-01
-4.223275195857558173e-01,-1.433804809291979176e-01
1.529686986454285164e-02,4.029157022934152232e-01
-5.219260829664197354e-01,-2.684604227294473677e-01
-2.262255542590609070e-01,-2.141730580568305398e-01
3.221076499412308114e-01,7.329312093542447726e-02
7.127610602656970773e-01,5.046535307127383158e-02
3.382484625292735414e-01,-2.008090464639760986e-01
2.154320947030219091e-01,-1.932183490488001143e-01
-5.254528528711839563e-02,2.180289454289464635e-01
-8.597251295732122323e-02,-6.879812277241413587e-02
6.072224569004133210e-01,4.888098808604550150e-01
-2.632688985027385464e-01,-6.780550702053687873e-02
-2.324178436594593333e-01,-3.198882270578726206e-01
-2.067682386912669257e-01,-2.085312939737774540e-01
-4.955051414319097680e-01,1.297156539471274461e-01
2.859024579899364649e-01,3.785543983056988138e-02
-8.698217702622768055e-02,-1.097753676848518128e-01
7.257005164747119819e-02,3.969837251385976429e-01
7.736146874750076119e-01,-6.371234982625156862e-01
-2.754473029166396025e-01,-6.019664843123143649e-01
2.346987174064042447e-01,-1.288850042512109106e-01
-1.360016721472197543e-01,-2.560194728568596645e-01
2.078312001503767881e-01,-1.543454996085646402e-01
-1.643552030634569672e-01,3.933222331899898228e-01
-4.007985677572440536e-02,-2.679222070465116512e-01
-5.345170996649592499e-03,3.380084383225058775e-01
-4.996050521558317303e-01,-1.020314058841329530e-01
-1.874591424241555393e-01,-1.291433993945593217e-01
1.015266412757974412e-01,-4.641092038351091742e-01
1.970109751130514064e-01,-2.102389008221718647e-01
2.469487077669539898e-01,-2.736674390503318621e-01
1.394006243263176681e-01,-8.137619989408860846e-03
-4.223041114707928312e-01,1.214805037666433774e-01
6.661997732516398985e-02,-8.255789426273741904e-01
-2.014606015757432755e-01,-4.446517559089566834e-02
-5.274800562884899430e-02,-1.902936049000060470e-01
-1.511761195968933935e-01,-2.013697932536358259e-01
-5.992311654726723696e-02,-6.507024500063269823e-01
3.290071652102148636e-02,-3.827392288511630714e-01
-1.245203725894294677e-01,-3.250877363633561945e-01
9.006671328907587745e-03,-4.181838977689767423e-01
-2.212300076999352549e-01,-5.628523172852371026e-01
3.197867916116800546e-01,-2.902823307427484026e-02
-1.552415330741028221e-01,-8.397581177050106316e-01
-2.985198690745636818e-01,-2.694082426622074755e-01
7.559980028417297160e-02,-4.192513206202717613e-01
-3.377936323747372516e-01,4.543412600666643653e-02
1.063594398919041895e-01,1.153753562494409385e-01
3.016046246298740852e-01,-5.298677730311313755e-02
-1.014377640956182491e-01,-2.560533106467123843e-01
-4.052171669631715600e-01,-2.455358821326322494e-01
-4.312065055614673625e-02,-4.109327228899498780e-02
3.934430313924365819e-01,7.529861322286643399e-02
-3.651419861848776982e-01,-3.587548078939566953e-01
-1.849678758840478388e-01,-9.350288188427919867e-01
2.378482537667197805e-01,-2.042589391110982422e-01
-6.487894690359590211e-01,-1.386269511501081741e-01
-1.938413599394883113e-01,3.165633154455225196e-01
-3.694037434943097525e-02,4.280903463480556503e-01
-4.222620805383299480e-02,-1.751828372409826029e-01
9.169784632697716154e-01,-1.675445602968934355e-01
4.820707279441475285e-02,2.051317594622897311e-01
2.947453262696155263e-01,-8.102147142201536756e-01
2.003789257944038615e-01,6.641275083047495364e-01
-2.521835251300786895e-01,1.251656809855810348e-01
-8.670481194502904776e-02,-7.002782516364604304e-02
-1.376087118156074651e-01,-2.352790285404073034e-01
1.046285161716679346e-01,1.619111142755502164e-01
9.619448884272024936e-01,-2.653068478221382032e-01
-2.994075334859006565e-01,-4.868214537534268360e-01
-5.036432329933410862e-03,3.409848811876487612e-02
-2.756920624067950576e-01,4.699607154973674539e-01
-1.396012333691394880e-01,-9.392823418913866240e-02
1.507118020532229909e-02,1.068486739637672239e-01
8.589384510897225822e-02,1.641537698913035914e-01
-2.287503096881743914e-01,-3.725023834553861102e-01
-1.499149423754868038e-01,-3.112476124577854275e-01
2.115491601102728325e-01,6.109896194744840470e-02
-1.804170676997660927e-01,-5.834775788253274836e-02
-2.734580184004211517e-02,4.109128251461603987e-01
-3.191090256453178453e-01,4.938672285005973328e-01
